measurement_date,pregnancies,glucose,blood_pressure,skin_thickness,insulin,bmi,diabetes_pedigree,age,outcome
2024-05-01,3,142,80,15,0,32.4,0.2,63,0
2024-05-02,5,114,74,0,0,24.9,0.744,57,0
2024-05-02,7,161,86,0,0,30.4,0.165,47,1
2024-05-02,4,123,62,0,0,32.0,0.226,35,1
2024-05-02,2,146,0,0,0,27.5,0.24,28,1
2024-05-03,1,119,86,39,220,45.6,0.808,29,1
2024-05-03,5,155,84,44,545,38.7,0.619,34,0
2024-05-03,7,136,74,26,135,26.0,0.647,51,0
2024-05-03,2,108,80,0,0,27.0,0.259,52,1
2024-05-04,2,128,78,37,182,43.3,1.224,31,1
2024-05-04,0,161,50,0,0,21.9,0.254,65,0
2024-05-05,6,151,62,31,120,35.5,0.692,28,0
2024-05-05,2,146,70,38,360,28.0,0.337,29,1
2024-05-05,0,167,0,0,0,32.3,0.839,30,1
2024-05-05,5,115,98,0,0,52.9,0.209,28,1
2024-05-05,0,128,68,19,180,30.5,1.391,25,1
2024-05-06,0,124,70,20,0,27.4,0.254,36,1
2024-05-06,4,129,60,12,231,27.5,0.527,31,0
2024-05-06,6,194,78,0,0,23.5,0.129,59,1
2024-05-06,3,115,66,39,140,38.1,0.15,28,0
2024-05-06,6,80,66,30,0,26.2,0.313,41,0
2024-05-06,3,99,80,11,64,19.3,0.284,30,0
2024-05-06,3,113,50,10,85,29.5,0.626,25,0
2024-05-06,3,182,74,0,0,30.5,0.345,29,1
2024-05-07,6,105,70,32,68,30.8,0.122,37,0
2024-05-07,2,102,86,36,120,45.5,0.127,23,1
2024-05-07,1,122,64,32,156,35.1,0.692,30,1
2024-05-08,8,118,72,19,0,23.1,1.476,46,0
2024-05-09,1,180,0,0,0,43.3,0.282,41,1
2024-05-09,0,165,76,43,255,47.9,0.259,26,0
2024-05-09,0,117,0,0,0,33.8,0.932,44,0
2024-05-09,9,152,78,34,171,34.2,0.893,33,1
2024-05-09,7,178,84,0,0,39.9,0.331,41,1
2024-05-10,1,95,74,21,73,25.9,0.673,36,0
2024-05-10,8,95,72,0,0,36.8,0.485,57,0
2024-05-10,1,139,46,19,83,28.7,0.654,22,0
2024-05-10,4,92,80,0,0,42.2,0.237,29,0
2024-05-10,4,137,84,0,0,31.2,0.252,30,0
2024-05-11,9,165,88,0,0,30.4,0.302,49,1
2024-05-11,13,129,0,30,0,39.9,0.569,44,1
2024-05-11,1,196,76,36,249,36.5,0.875,29,1
2024-05-11,5,189,64,33,325,31.2,0.583,29,1
2024-05-12,6,124,72,0,0,27.6,0.368,29,1
2024-05-12,4,147,74,25,293,34.9,0.385,30,0
2024-05-13,1,133,102,28,140,32.8,0.234,45,1
2024-05-14,0,118,64,23,89,0.0,1.731,21,0
2024-05-14,3,173,82,48,465,38.4,2.137,25,1
2024-05-15,2,122,52,43,158,36.2,0.816,28,0
2024-05-16,4,156,75,0,0,48.3,0.238,32,1
2024-05-16,0,93,100,39,72,43.4,1.021,35,0
2024-05-16,1,107,72,30,82,30.8,0.821,24,0
2024-05-17,3,193,70,31,0,34.9,0.241,25,1
2024-05-17,3,96,56,34,115,24.7,0.944,39,0
2024-05-17,4,158,78,0,0,32.9,0.803,31,1
2024-05-17,1,131,64,14,415,23.7,0.389,21,0
2024-05-17,5,144,82,26,285,32.0,0.452,58,1
2024-05-17,1,119,54,13,50,22.3,0.205,24,0
2024-05-17,1,125,70,24,110,24.3,0.221,25,0
2024-05-17,5,166,76,0,0,45.7,0.34,27,1
2024-05-18,5,168,64,0,0,32.9,0.135,41,1
2024-05-18,8,197,74,0,0,25.9,1.191,39,1
2024-05-18,1,112,72,30,176,34.4,0.528,25,0
2024-05-18,3,173,84,33,474,35.7,0.258,22,1
2024-05-19,1,181,64,30,180,34.1,0.328,38,1
2024-05-19,2,115,64,22,0,30.8,0.421,21,0
2024-05-19,3,129,64,29,115,26.4,0.219,28,1
2024-05-19,1,83,68,0,0,18.2,0.624,27,0
2024-05-19,2,94,68,18,76,26.0,0.561,21,0
2024-05-20,1,95,82,25,180,35.0,0.233,43,1
2024-05-20,2,139,75,0,0,25.6,0.167,29,0
2024-05-20,12,140,85,33,0,37.4,0.244,41,0
2024-05-21,1,97,70,15,0,18.2,0.147,21,0
2024-05-22,8,108,70,0,0,30.5,0.955,33,1
2024-05-22,0,189,104,25,0,34.3,0.435,41,1
2024-05-22,4,117,64,27,120,33.2,0.23,24,0
2024-05-22,0,180,78,63,14,59.4,2.42,25,1
2024-05-23,0,95,80,45,92,36.5,0.33,26,0
2024-05-23,0,104,64,37,64,33.6,0.51,22,1
2024-05-24,2,134,70,0,0,28.9,0.542,23,1
2024-05-24,2,119,0,0,0,19.6,0.832,72,0
2024-05-24,14,175,62,30,0,33.6,0.212,38,1
2024-05-25,10,115,98,0,0,24.0,1.022,34,0
2024-05-25,9,134,74,33,60,25.9,0.46,81,0
2024-05-25,10,148,84,48,237,37.6,1.001,51,1
2024-05-26,0,124,56,13,105,21.8,0.452,21,0
2024-05-26,6,154,78,41,140,46.1,0.571,27,0
2024-05-26,0,137,84,27,0,27.3,0.231,59,0
2024-05-27,7,114,76,17,110,23.8,0.466,31,0
2024-05-27,4,132,86,31,0,28.0,0.419,63,0
2024-05-28,3,158,70,30,328,35.5,0.344,35,1
2024-05-28,4,85,58,22,49,27.8,0.306,28,0
2024-05-28,0,84,82,31,125,38.2,0.233,23,0
2024-05-28,0,173,78,32,265,46.5,1.159,58,0
2024-05-29,4,99,72,17,0,25.6,0.294,28,0
2024-05-29,8,194,80,0,0,26.1,0.551,67,0
2024-05-29,6,166,74,0,0,26.6,0.304,66,0
2024-05-29,5,110,68,0,0,26.0,0.292,30,0
2024-05-29,2,81,72,15,76,30.1,0.547,25,0
2024-05-29,3,84,72,32,0,37.2,0.267,28,0
2024-05-30,1,130,60,23,170,28.6,0.692,21,0
2024-05-30,0,180,90,26,90,36.5,0.314,35,1
2024-05-30,10,75,82,0,0,33.3,0.263,38,0
2024-05-31,0,139,62,17,210,22.1,0.207,21,0
2024-05-31,9,91,68,0,0,24.2,0.2,58,0
2024-05-31,3,99,54,19,86,25.6,0.154,24,0
2024-06-01,3,163,70,18,105,31.6,0.268,28,1
2024-06-02,6,129,90,7,326,19.6,0.582,60,0
2024-06-02,3,124,80,33,130,33.2,0.305,26,0
2024-06-03,9,130,70,0,0,34.2,0.652,45,1
2024-06-03,1,97,64,19,82,18.2,0.299,21,0
2024-06-03,4,132,0,0,0,32.9,0.302,23,1
2024-06-03,0,105,90,0,0,29.6,0.197,46,0
2024-06-03,0,57,60,0,0,21.7,0.735,67,0
2024-06-04,0,127,80,37,210,36.3,0.804,23,0
2024-06-04,8,100,74,40,215,39.4,0.661,43,1
2024-06-04,8,186,90,35,225,34.5,0.423,37,1
2024-06-04,5,187,76,27,207,43.6,1.034,53,1
2024-06-05,4,154,72,29,126,31.3,0.338,37,0
2024-06-05,3,111,58,31,44,29.5,0.43,22,0
2024-06-05,11,103,68,40,0,46.2,0.126,42,0
2024-06-05,0,198,66,32,274,41.3,0.502,28,1
2024-06-05,7,124,70,33,215,25.5,0.161,37,0
2024-06-05,6,114,88,0,0,27.8,0.247,66,0
2024-06-05,1,116,70,28,0,27.4,0.204,21,0
2024-06-06,2,82,52,22,115,28.5,1.699,25,0
2024-06-06,11,111,84,40,0,46.8,0.925,45,1
2024-06-06,6,103,66,0,0,24.3,0.249,29,0
2024-06-06,3,176,86,27,156,33.3,1.154,52,1
2024-06-06,2,197,70,99,0,34.7,0.575,62,1
2024-06-06,10,133,68,0,0,27.0,0.245,36,0
2024-06-06,1,143,86,30,330,30.1,0.892,23,0
2024-06-06,0,151,90,46,0,42.1,0.371,21,1
2024-06-07,0,188,82,14,185,32.0,0.682,22,1
2024-06-07,1,173,74,0,0,36.8,0.088,38,1
2024-06-08,7,150,78,29,126,35.2,0.692,54,1
2024-06-08,1,109,38,18,120,23.1,0.407,26,0
2024-06-08,1,108,88,19,0,27.1,0.4,24,0
2024-06-09,1,124,60,32,0,35.8,0.514,21,0
2024-06-09,4,183,0,0,0,28.4,0.212,36,1
2024-06-10,1,181,78,42,293,40.0,1.258,22,1
2024-06-10,1,92,62,25,41,19.5,0.482,25,0
2024-06-10,0,152,82,39,272,41.5,0.27,27,0
2024-06-11,3,174,58,22,194,32.9,0.593,36,1
2024-06-12,11,138,74,26,144,36.1,0.557,50,1
2024-06-12,3,106,72,0,0,25.8,0.207,27,0
2024-06-12,2,112,86,42,160,38.4,0.246,28,0
2024-06-13,6,183,94,0,0,40.8,1.461,45,0
2024-06-13,0,125,68,0,0,24.7,0.206,21,0
2024-06-13,0,132,78,0,0,32.4,0.393,21,0
2024-06-13,5,128,80,0,0,34.6,0.144,45,0
2024-06-14,4,94,65,22,0,24.7,0.148,21,0
2024-06-14,7,114,64,0,0,27.4,0.732,34,1
2024-06-14,2,111,60,0,0,26.2,0.343,23,0
2024-06-14,1,128,82,17,183,27.5,0.115,22,0
2024-06-15,1,167,74,17,144,23.4,0.447,33,1
2024-06-15,2,157,74,35,440,39.4,0.134,30,0
2024-06-15,3,103,72,30,152,27.6,0.73,27,0
2024-06-15,6,147,80,0,0,29.5,0.178,50,1
2024-06-15,4,128,70,0,0,34.3,0.303,24,0
2024-06-15,0,102,86,17,105,29.3,0.695,27,0
2024-06-16,0,179,50,36,159,37.8,0.455,22,1
2024-06-17,2,155,52,27,540,38.7,0.24,25,1
2024-06-17,10,162,84,0,0,27.7,0.182,54,0
2024-06-17,1,199,76,43,0,42.9,1.394,22,1
2024-06-18,6,165,68,26,168,33.6,0.631,49,0
2024-06-18,9,154,78,30,100,30.9,0.164,45,0
2024-06-18,9,145,80,46,130,37.9,0.637,40,1
2024-06-18,6,115,60,39,0,33.7,0.245,40,1
2024-06-19,9,156,86,0,0,24.8,0.23,53,1
2024-06-19,3,121,52,0,0,36.0,0.127,25,1
2024-06-19,1,140,74,26,180,24.1,0.828,23,0
2024-06-20,1,144,82,46,180,46.1,0.335,46,1
2024-06-20,8,107,80,0,0,24.6,0.856,34,0
2024-06-21,3,158,64,13,387,31.2,0.295,24,0
2024-06-21,5,126,78,27,22,29.6,0.439,40,0
2024-06-21,6,125,78,31,0,27.6,0.565,49,1
2024-06-21,3,169,74,19,125,29.9,0.268,31,1
2024-06-21,2,121,70,32,95,39.1,0.886,23,0
2024-06-21,10,115,0,0,0,0.0,0.261,30,1
2024-06-22,10,129,62,36,0,41.2,0.441,38,1
2024-06-22,0,134,58,20,291,26.4,0.352,21,0
2024-06-23,3,102,74,0,0,29.5,0.121,32,0
2024-06-23,10,94,72,18,0,23.1,0.595,56,0
2024-06-23,1,114,66,36,200,38.1,0.289,21,0
2024-06-23,1,149,68,29,127,29.3,0.349,42,1
2024-06-24,1,111,94,0,0,32.8,0.265,45,0
2024-06-24,0,141,84,26,0,32.4,0.433,22,0
2024-06-24,3,130,78,23,79,28.4,0.323,34,1
2024-06-24,2,174,88,37,120,44.5,0.646,24,1
2024-06-24,2,106,56,27,165,29.0,0.426,22,0
2024-06-24,4,95,60,32,0,35.4,0.284,28,0
2024-06-25,2,99,60,17,160,36.6,0.453,21,0
2024-06-25,3,102,44,20,94,30.8,0.4,26,0
2024-06-26,1,109,58,18,116,28.5,0.219,22,0
2024-06-26,13,153,88,37,140,40.6,1.174,39,0
2024-06-27,3,187,70,22,200,36.4,0.408,36,1
2024-06-27,1,147,94,41,0,49.3,0.358,27,1
2024-06-27,4,136,70,0,0,31.2,1.182,22,1
2024-06-28,0,181,88,44,510,43.3,0.222,26,1
2024-06-28,9,170,74,31,0,44.0,0.403,43,1
